Optimizer,Accuracy,Precision,Recall,F1-score,Validation Loss,Best F1,Training Time (s),Avg Epoch Time (s),Peak GPU Memory (MB),Avg Gradient Norm,Rank
AdaFactor,0.8965,0.8914116485686081,0.903,0.8971684053651267,0.36180646330863236,0.899492385786802,263.50410175323486,67.63264894485474,1204.287109375,8.256050350815057,1
AdamW,0.895,0.8926441351888668,0.898,0.8953140578265204,0.35550556394271554,0.901352028042063,250.60436177253723,63.319549560546875,1724.53564453125,8.088238939665258,2
Lion,0.8565,0.8398474737845567,0.881,0.8599316739873109,0.5796363504938781,0.8889980353634578,243.77363634109497,61.09832890828451,1468.1669921875,5.5185401029959325,3
LAMB,0.817,0.823469387755102,0.807,0.8151515151515152,0.5656593046188354,0.817140009965122,273.3097867965698,70.89599370956421,1719.76220703125,2.0033261344830193,4
SGD,0.5335,0.5328753680078508,0.543,0.537890044576523,0.6912482614517212,0.5561172901921132,235.57070302963257,58.399022897084556,1458.9169921875,1.4322599289019904,5
